[
    {
      "id": 1,
      "title": "Guitarra Eléctrica",
      "instrument": "guitarra",
      "instructor": "Carlos Santana",
      "duration": "8 semanas",
      "level": "Intermedio",
      "image": "/assets/img/PopularCourses/guitarra-electrica.jpg"
    },
    {
      "id": 4,
      "title": "Introducción al Piano",
      "instrument": "piano",
      "instructor": "María González",
      "duration": "8 semanas",
      "level": "Principiante",
      "image": "/assets/img/PopularCourses/introduccion-piano.jpg"
    },
    {
      "id": 7,
      "title": "Percusiones",
      "instrument": "bateria",
      "instructor": "Miguel Ángel",
      "duration": "6 semanas",
      "level": "Principiante",
      "image": "/assets/img/PopularCourses/percusiones.jpg"
    },
    {
      "id": 11,
      "title": "Bel Canto",
      "instrument": "tecnica-vocal",
      "instructor": "Valentina Moreno",
      "duration": "12 semanas",
      "level": "Intermedio",
      "image": "/assets/img/Courses/bel-canto.jpg"
    },
    {
      "id": 2,
      "title": "Guitarra Clásica",
      "instrument": "guitarra",
      "instructor": "Andrés Segovia",
      "duration": "12 semanas",
      "level": "Avanzado",
      "image": "/assets/img/PopularCourses/guitarra-clasica.jpg"
    },
    {
      "id": 6,
      "title": "Piano Avanzado",
      "instrument": "piano",
      "instructor": "Ana López",
      "duration": "12 semanas",
      "level": "Avanzado",
      "image": "/assets/img/PopularCourses/piano-avanzado.jpg"
    }
  ]