[
  {
    "id": 1,
    "name": "John Smith",
    "instrument": "guitarra",
    "experience": "15 años",
    "image": "/assets/img/Teachers/pexels-photo-210922.jpg"
  },
  {
    "id": 2,
    "name": "Sarah Johnson",
    "instrument": "piano",
    "experience": "20 años",
    "image": "/assets/img/Teachers/pexels-photo-7314681.jpg"
  },
  {
    "id": 3,
    "name": "Michael Brown",
    "instrument": "batería",
    "experience": "12 años",
    "image": "/assets/img/Teachers/pexels-photo-1493755.jpg"
  },
  {
    "id": 4,
    "name": "Saul Goodman",
    "instrument": "piano",
    "experience": "18 años",
    "image": "/assets/img/Teachers/pexels-photo-8128012.jpg"
  },
  {
    "id": 5,
    "name": "David Wilson",
    "instrument": "batería",
    "experience": "10 años",
    "image": "/assets/img/Teachers/pexels-photo-1703540.jpg"
  },
  {
    "id": 6,
    "name": "Lisa Anderson",
    "instrument": "técnica vocal",
    "experience": "14 años",
    "image": "/assets/img/Teachers/pexels-photo-4088018.jpg"
  },
  {
    "id": 7,
    "name": "Roberto Martínez",
    "instrument": "técnica vocal",
    "experience": "16 años",
    "image": "/assets/img/Teachers/singer-mexicans-sing-man-59858.jpg"
  },
  {
    "id": 8,
    "name": "Amanda White",
    "instrument": "guitarra",
    "experience": "11 años",
    "image": "/assets/img/Teachers/pexels-photo-2118049.jpg"
  }
]